20260205T110841Z-accept-00001-11-0005	d35b7c5f-34b2-4fd1-8c07-f80c835a9ab3
20260205T110841Z-accept-00002-01-0001	107eb8f1-3e73-4b33-a151-67ac927d6435
20260205T110841Z-accept-00003-01-0001	034f113b-95d3-440c-94ae-4b3f151f47ee
20260205T110841Z-accept-00004-01-0001	1892a177-1306-4515-bc69-4d1205a1351a
20260205T110841Z-accept-00005-11-0005	01c4c3fe-ee1c-4ad6-b8ee-f2f03aeba8da
20260205T110841Z-accept-00006-01-0001	fe054879-c249-4d2c-9ce3-16de5f4994d8
20260205T110841Z-accept-00007-02-0003	52f7d997-7fcf-4273-ad6d-b90d9ebd3361
20260205T110841Z-accept-00007-26-0010	eb111b2d-586a-46b0-8555-906db957ae8b
20260205T110841Z-accept-00008-11-0005	be2e8f6a-b148-41fb-b9b3-0e0369d464ed
20260205T110841Z-accept-00009-11-0005	ec0cf612-a321-494c-add7-33de476e8bc8
20260205T110841Z-accept-00010-10-0006	bcefa2f4-0788-46a4-ad4b-02ddd049c5c9
20260205T110841Z-accept-00011-01-0001	051a9075-f7e4-49ec-92ee-9d4176766353
