{"docList":[{"catchId":"UIBJPOS20251214T140106Z-R2","started":"2025-12-14T23:01:06","confirmed":"2025-12-14T23:01:06","status":"F","patientNumber":null,"patientId":"P0002","patientName":"Test Taro","patientSex":"M","patientBirthday":"19800101","patientZipCode":null,"patientAddress":null,"patientTelephone":null,"facilityNumber":"1.3.6.1.4.1.9414.10.1","facilityId":"1.3.6.1.4.1.9414.10.1","facilityName":"OpenDolphin Clinic","facilityZipCode":null,"facilityAddress":null,"facilityTelephone":null,"physicianId":"1.3.6.1.4.1.9414.10.1:dolphindev","physicianName":"Dolphin Dev","department":"01","departmentDesc":"General Practice","license":"doctor","rpRequest":0,"rpReply":0,"rpReplyTo":null,"bundles":[]}]}